Fecha,Hora,Pasos
2025.04.14 00:00:00,00:00:00,16
2025.04.14 00:02:00,00:02:00,6
2025.04.14 00:03:00,00:03:00,19
2025.04.14 11:27:00,11:27:00,33
2025.04.14 11:28:00,11:28:00,16
2025.04.14 11:29:00,11:29:00,18
2025.04.14 11:30:00,11:30:00,34
2025.04.14 11:45:00,11:45:00,25
2025.04.14 11:51:00,11:51:00,20
2025.04.14 12:37:00,12:37:00,8
2025.04.14 12:38:00,12:38:00,52
2025.04.14 12:39:00,12:39:00,22
2025.04.14 12:40:00,12:40:00,37
2025.04.14 12:41:00,12:41:00,9
2025.04.14 12:42:00,12:42:00,11
2025.04.14 13:32:00,13:32:00,35
2025.04.14 13:50:00,13:50:00,87
2025.04.14 13:51:00,13:51:00,87
2025.04.14 13:52:00,13:52:00,89
2025.04.14 13:53:00,13:53:00,107
2025.04.14 13:54:00,13:54:00,108
2025.04.14 13:55:00,13:55:00,55
2025.04.14 14:05:00,14:05:00,96
2025.04.14 14:06:00,14:06:00,96
2025.04.14 14:07:00,14:07:00,87
2025.04.14 14:08:00,14:08:00,107
2025.04.14 14:09:00,14:09:00,99
2025.04.14 14:10:00,14:10:00,57
2025.04.14 14:56:00,14:56:00,17
2025.04.14 16:10:00,16:10:00,18
2025.04.14 16:11:00,16:11:00,86
2025.04.14 16:12:00,16:12:00,21
2025.04.14 16:13:00,16:13:00,102
2025.04.14 16:14:00,16:14:00,85
2025.04.14 16:15:00,16:15:00,12
2025.04.14 16:16:00,16:16:00,119
2025.04.14 16:17:00,16:17:00,33
2025.04.14 16:18:00,16:18:00,35
2025.04.14 16:21:00,16:21:00,25
2025.04.14 17:50:00,17:50:00,65
2025.04.14 17:51:00,17:51:00,81
2025.04.14 17:52:00,17:52:00,7
2025.04.14 18:22:00,18:22:00,47
2025.04.14 18:23:00,18:23:00,28
2025.04.14 18:54:00,18:54:00,21
2025.04.14 18:55:00,18:55:00,20
2025.04.14 20:35:00,20:35:00,37
2025.04.14 21:13:00,21:13:00,2
2025.04.14 21:22:00,21:22:00,53
2025.04.14 21:23:00,21:23:00,43
2025.04.14 21:27:00,21:27:00,7
2025.04.14 21:45:00,21:45:00,45
2025.04.14 21:47:00,21:47:00,37
2025.04.14 21:48:00,21:48:00,5
2025.04.14 22:37:00,22:37:00,24
2025.04.15 00:35:00,00:35:00,2
2025.04.15 00:40:00,00:40:00,5
2025.04.15 00:45:00,00:45:00,33
2025.04.15 00:46:00,00:46:00,29
2025.04.15 00:49:00,00:49:00,13
2025.04.15 00:50:00,00:50:00,18
2025.04.15 02:23:00,02:23:00,34
2025.04.15 02:24:00,02:24:00,18
2025.04.15 08:34:00,08:34:00,5
2025.04.15 08:51:00,08:51:00,10
2025.04.15 09:10:00,09:10:00,8
2025.04.15 09:11:00,09:11:00,8
2025.04.15 09:12:00,09:12:00,8
2025.04.15 09:13:00,09:13:00,8
2025.04.15 09:14:00,09:14:00,8
2025.04.15 09:15:00,09:15:00,8
2025.04.15 09:16:00,09:16:00,8
2025.04.15 09:17:00,09:17:00,8
2025.04.15 09:18:00,09:18:00,8
2025.04.15 09:19:00,09:19:00,7
2025.04.15 09:21:00,09:21:00,24
2025.04.15 09:26:00,09:26:00,48
2025.04.15 09:27:00,09:27:00,25
2025.04.15 09:28:00,09:28:00,48
2025.04.15 09:29:00,09:29:00,48
2025.04.15 09:30:00,09:30:00,48
2025.04.15 09:31:00,09:31:00,48
2025.04.15 09:32:00,09:32:00,48
2025.04.15 09:33:00,09:33:00,25
2025.04.15 09:34:00,09:34:00,97
2025.04.15 09:35:00,09:35:00,117
2025.04.15 09:36:00,09:36:00,110
2025.04.15 09:37:00,09:37:00,109
2025.04.15 09:38:00,09:38:00,113
2025.04.15 09:39:00,09:39:00,113
2025.04.15 09:40:00,09:40:00,113
2025.04.15 09:41:00,09:41:00,102
2025.04.15 09:42:00,09:42:00,122
2025.04.15 09:43:00,09:43:00,64
2025.04.15 09:44:00,09:44:00,79
2025.04.15 09:45:00,09:45:00,31
2025.04.15 09:50:00,09:50:00,38
2025.04.15 09:54:00,09:54:00,11
2025.04.15 10:00:00,10:00:00,7
2025.04.15 10:14:00,10:14:00,12
2025.04.15 10:17:00,10:17:00,11
2025.04.15 10:18:00,10:18:00,29
2025.04.15 10:19:00,10:19:00,11
2025.04.15 10:20:00,10:20:00,26
2025.04.15 10:21:00,10:21:00,11
2025.04.15 10:22:00,10:22:00,10
2025.04.15 10:23:00,10:23:00,10
2025.04.15 10:40:00,10:40:00,111
2025.04.15 10:41:00,10:41:00,82
2025.04.15 10:42:00,10:42:00,109
2025.04.15 10:43:00,10:43:00,109
2025.04.15 10:44:00,10:44:00,46
2025.04.15 10:45:00,10:45:00,113
2025.04.15 10:46:00,10:46:00,70
2025.04.15 10:47:00,10:47:00,106
2025.04.15 10:48:00,10:48:00,102
2025.04.15 10:49:00,10:49:00,92
2025.04.15 10:50:00,10:50:00,14
2025.04.15 10:51:00,10:51:00,36
2025.04.15 10:52:00,10:52:00,35
2025.04.15 10:53:00,10:53:00,75
2025.04.15 10:54:00,10:54:00,108
2025.04.15 10:55:00,10:55:00,104
2025.04.15 10:56:00,10:56:00,101
2025.04.15 10:57:00,10:57:00,104
2025.04.15 10:58:00,10:58:00,109
2025.04.15 10:59:00,10:59:00,104
2025.04.15 11:00:00,11:00:00,106
2025.04.15 11:01:00,11:01:00,85
2025.04.15 11:02:00,11:02:00,101
2025.04.15 11:03:00,11:03:00,89
2025.04.15 11:04:00,11:04:00,115
2025.04.15 11:05:00,11:05:00,80
2025.04.15 11:06:00,11:06:00,96
2025.04.15 11:07:00,11:07:00,103
2025.04.15 11:08:00,11:08:00,102
2025.04.15 11:09:00,11:09:00,79
2025.04.15 11:10:00,11:10:00,91
2025.04.15 11:11:00,11:11:00,103
2025.04.15 11:12:00,11:12:00,102
2025.04.15 11:13:00,11:13:00,100
2025.04.15 11:14:00,11:14:00,94
2025.04.15 11:15:00,11:15:00,8
2025.04.15 11:16:00,11:16:00,55
2025.04.15 11:17:00,11:17:00,70
2025.04.15 11:18:00,11:18:00,17
2025.04.15 11:39:00,11:39:00,11
2025.04.15 11:40:00,11:40:00,50
2025.04.15 11:41:00,11:41:00,10
2025.04.15 11:42:00,11:42:00,9
2025.04.15 11:43:00,11:43:00,24
2025.04.15 11:44:00,11:44:00,10
2025.04.15 11:45:00,11:45:00,10
2025.04.15 11:46:00,11:46:00,47
2025.04.15 11:49:00,11:49:00,12
2025.04.15 11:50:00,11:50:00,16
2025.04.15 11:51:00,11:51:00,11
2025.04.15 11:52:00,11:52:00,15
2025.04.15 11:53:00,11:53:00,15
2025.04.15 11:57:00,11:57:00,3
2025.04.15 11:58:00,11:58:00,16
2025.04.15 12:00:00,12:00:00,13
2025.04.15 12:01:00,12:01:00,13
2025.04.15 12:02:00,12:02:00,13
2025.04.15 12:03:00,12:03:00,13
2025.04.15 12:04:00,12:04:00,13
2025.04.15 12:05:00,12:05:00,12
2025.04.15 12:06:00,12:06:00,12
2025.04.15 12:08:00,12:08:00,33
2025.04.15 12:10:00,12:10:00,25
2025.04.15 12:11:00,12:11:00,43
2025.04.15 12:12:00,12:12:00,7
2025.04.15 12:13:00,12:13:00,7
2025.04.15 12:14:00,12:14:00,7
2025.04.15 12:15:00,12:15:00,6
2025.04.15 12:16:00,12:16:00,6
2025.04.15 12:17:00,12:17:00,8
2025.04.15 12:18:00,12:18:00,44
2025.04.15 12:21:00,12:21:00,15
2025.04.15 12:22:00,12:22:00,44
2025.04.15 12:23:00,12:23:00,40
2025.04.15 12:25:00,12:25:00,16
2025.04.15 12:26:00,12:26:00,27
2025.04.15 12:27:00,12:27:00,43
2025.04.15 12:29:00,12:29:00,35
2025.04.15 12:30:00,12:30:00,28
2025.04.15 12:31:00,12:31:00,20
2025.04.15 12:32:00,12:32:00,86
2025.04.15 12:33:00,12:33:00,22
2025.04.15 12:34:00,12:34:00,27
2025.04.15 12:35:00,12:35:00,27
2025.04.15 12:36:00,12:36:00,27
2025.04.15 12:39:00,12:39:00,9
2025.04.15 12:42:00,12:42:00,21
2025.04.15 12:43:00,12:43:00,21
2025.04.15 12:44:00,12:44:00,26
2025.04.15 12:45:00,12:45:00,21
2025.04.15 12:46:00,12:46:00,21
2025.04.15 12:47:00,12:47:00,21
2025.04.15 12:48:00,12:48:00,21
2025.04.15 12:49:00,12:49:00,20
2025.04.15 12:50:00,12:50:00,20
2025.04.15 12:51:00,12:51:00,48
2025.04.15 12:52:00,12:52:00,63
2025.04.15 12:53:00,12:53:00,49
2025.04.15 12:55:00,12:55:00,3
2025.04.15 12:56:00,12:56:00,14
2025.04.15 13:03:00,13:03:00,16
2025.04.15 13:04:00,13:04:00,106
2025.04.15 13:05:00,13:05:00,73
2025.04.15 13:06:00,13:06:00,90
2025.04.15 13:07:00,13:07:00,97
2025.04.15 13:08:00,13:08:00,100
2025.04.15 13:09:00,13:09:00,94
2025.04.15 13:10:00,13:10:00,107
2025.04.15 13:11:00,13:11:00,98
2025.04.15 13:12:00,13:12:00,104
2025.04.15 13:13:00,13:13:00,62
2025.04.15 13:14:00,13:14:00,72
2025.04.15 13:15:00,13:15:00,75
2025.04.15 13:16:00,13:16:00,100
2025.04.15 13:17:00,13:17:00,104
2025.04.15 13:18:00,13:18:00,101
2025.04.15 13:19:00,13:19:00,83
2025.04.15 13:20:00,13:20:00,104
2025.04.15 13:21:00,13:21:00,99
2025.04.15 13:22:00,13:22:00,84
2025.04.15 13:23:00,13:23:00,102
2025.04.15 13:24:00,13:24:00,54
2025.04.15 13:25:00,13:25:00,102
2025.04.15 13:26:00,13:26:00,106
2025.04.15 13:27:00,13:27:00,103
2025.04.15 13:28:00,13:28:00,89
2025.04.15 13:29:00,13:29:00,47
2025.04.15 13:30:00,13:30:00,74
2025.04.15 13:31:00,13:31:00,54
2025.04.15 13:34:00,13:34:00,137
2025.04.15 13:35:00,13:35:00,18
2025.04.15 13:36:00,13:36:00,4
2025.04.15 13:44:00,13:44:00,115
2025.04.15 13:45:00,13:45:00,7
2025.04.15 13:46:00,13:46:00,105
2025.04.15 13:47:00,13:47:00,80
2025.04.15 13:48:00,13:48:00,81
2025.04.15 13:49:00,13:49:00,107
2025.04.15 13:50:00,13:50:00,110
2025.04.15 13:51:00,13:51:00,108
2025.04.15 13:52:00,13:52:00,113
2025.04.15 13:53:00,13:53:00,107
2025.04.15 13:54:00,13:54:00,101
2025.04.15 13:55:00,13:55:00,112
2025.04.15 13:56:00,13:56:00,85
2025.04.15 13:57:00,13:57:00,87
2025.04.15 13:58:00,13:58:00,107
2025.04.15 13:59:00,13:59:00,19
2025.04.15 14:00:00,14:00:00,46
2025.04.15 14:01:00,14:01:00,46
2025.04.15 14:10:00,14:10:00,7
2025.04.15 14:15:00,14:15:00,17
2025.04.15 14:21:00,14:21:00,7
2025.04.15 14:27:00,14:27:00,107
2025.04.15 14:28:00,14:28:00,114
2025.04.15 14:29:00,14:29:00,113
2025.04.15 14:30:00,14:30:00,117
2025.04.15 14:31:00,14:31:00,112
2025.04.15 14:32:00,14:32:00,113
2025.04.15 14:33:00,14:33:00,67
2025.04.15 14:49:00,14:49:00,127
2025.04.15 14:50:00,14:50:00,63
2025.04.15 14:51:00,14:51:00,109
2025.04.15 14:52:00,14:52:00,95
2025.04.15 14:53:00,14:53:00,84
2025.04.15 14:54:00,14:54:00,23
2025.04.15 15:05:00,15:05:00,36
2025.04.15 15:26:00,15:26:00,23
2025.04.15 16:03:00,16:03:00,5
2025.04.15 16:59:00,16:59:00,15
2025.04.15 17:36:00,17:36:00,10
2025.04.15 17:55:00,17:55:00,15
2025.04.15 17:56:00,17:56:00,24
2025.04.15 17:57:00,17:57:00,16
2025.04.15 17:59:00,17:59:00,10
2025.04.15 18:00:00,18:00:00,24
2025.04.15 18:55:00,18:55:00,20
2025.04.15 19:14:00,19:14:00,18
2025.04.15 19:32:00,19:32:00,72
2025.04.15 19:33:00,19:33:00,16
2025.04.15 19:37:00,19:37:00,39
2025.04.15 20:34:00,20:34:00,46
2025.04.15 20:35:00,20:35:00,12
2025.04.15 20:48:00,20:48:00,15
2025.04.15 20:56:00,20:56:00,29
2025.04.15 21:06:00,21:06:00,27
2025.04.15 21:07:00,21:07:00,23
2025.04.15 21:36:00,21:36:00,20
2025.04.15 21:37:00,21:37:00,44
2025.04.15 21:44:00,21:44:00,33
2025.04.15 21:45:00,21:45:00,31
2025.04.15 21:46:00,21:46:00,39
2025.04.15 21:47:00,21:47:00,72
2025.04.15 21:48:00,21:48:00,8
2025.04.15 23:50:00,23:50:00,24
2025.04.16 00:11:00,00:11:00,9
2025.04.16 00:12:00,00:12:00,7
2025.04.16 00:14:00,00:14:00,19
2025.04.16 00:15:00,00:15:00,22
2025.04.16 09:50:00,09:50:00,37
2025.04.16 11:43:00,11:43:00,22
2025.04.16 12:19:00,12:19:00,20
2025.04.16 12:24:00,12:24:00,8
2025.04.16 12:39:00,12:39:00,40
2025.04.16 12:40:00,12:40:00,46
2025.04.16 12:41:00,12:41:00,5
2025.04.16 13:08:00,13:08:00,7
2025.04.16 13:10:00,13:10:00,18
2025.04.16 13:38:00,13:38:00,16
2025.04.16 13:39:00,13:39:00,15
2025.04.16 13:40:00,13:40:00,15
2025.04.16 13:41:00,13:41:00,15
2025.04.16 13:42:00,13:42:00,15
2025.04.16 13:43:00,13:43:00,15
2025.04.16 14:06:00,14:06:00,19
2025.04.16 14:10:00,14:10:00,7
2025.04.16 14:11:00,14:11:00,12
2025.04.16 14:12:00,14:12:00,18
2025.04.16 14:14:00,14:14:00,56
2025.04.16 14:15:00,14:15:00,11
2025.04.16 14:16:00,14:16:00,36
2025.04.16 14:17:00,14:17:00,37
2025.04.16 14:18:00,14:18:00,22
2025.04.16 14:19:00,14:19:00,55
2025.04.16 14:20:00,14:20:00,56
2025.04.16 14:21:00,14:21:00,72
2025.04.16 14:22:00,14:22:00,76
2025.04.16 14:23:00,14:23:00,103
2025.04.16 14:24:00,14:24:00,100
2025.04.16 14:25:00,14:25:00,29
2025.04.16 14:47:00,14:47:00,81
2025.04.16 14:48:00,14:48:00,44
2025.04.16 14:49:00,14:49:00,100
2025.04.16 14:50:00,14:50:00,98
2025.04.16 14:51:00,14:51:00,79
2025.04.16 14:52:00,14:52:00,74
2025.04.16 14:53:00,14:53:00,44
2025.04.16 14:54:00,14:54:00,43
2025.04.16 15:18:00,15:18:00,46
2025.04.16 15:19:00,15:19:00,43
2025.04.16 15:27:00,15:27:00,12
2025.04.16 15:28:00,15:28:00,2
2025.04.16 15:58:00,15:58:00,15
2025.04.16 15:59:00,15:59:00,47
2025.04.16 16:56:00,16:56:00,14
2025.04.16 16:57:00,16:57:00,34
2025.04.16 16:58:00,16:58:00,17
2025.04.16 16:59:00,16:59:00,14
2025.04.16 17:00:00,17:00:00,14
2025.04.16 17:01:00,17:01:00,13
2025.04.16 17:02:00,17:02:00,32
2025.04.16 17:03:00,17:03:00,55
2025.04.16 17:05:00,17:05:00,41
2025.04.16 17:06:00,17:06:00,20
2025.04.16 17:08:00,17:08:00,21
2025.04.16 17:09:00,17:09:00,18
2025.04.16 17:10:00,17:10:00,15
2025.04.16 17:11:00,17:11:00,16
2025.04.16 17:13:00,17:13:00,20
2025.04.16 17:21:00,17:21:00,2
2025.04.16 17:23:00,17:23:00,13
2025.04.16 17:24:00,17:24:00,13
2025.04.16 17:25:00,17:25:00,66
2025.04.16 17:26:00,17:26:00,73
2025.04.16 17:27:00,17:27:00,63
2025.04.16 17:28:00,17:28:00,28
2025.04.16 17:29:00,17:29:00,57
2025.04.16 17:30:00,17:30:00,19
2025.04.16 17:31:00,17:31:00,1
2025.04.16 17:32:00,17:32:00,28
2025.04.16 17:36:00,17:36:00,33
2025.04.16 17:37:00,17:37:00,7
2025.04.16 18:09:00,18:09:00,16
2025.04.16 18:22:00,18:22:00,3
2025.04.16 18:28:00,18:28:00,9
2025.04.16 18:29:00,18:29:00,25
2025.04.16 18:30:00,18:30:00,31
2025.04.16 18:31:00,18:31:00,8
2025.04.16 18:32:00,18:32:00,8
2025.04.16 18:33:00,18:33:00,8
2025.04.16 18:34:00,18:34:00,8
2025.04.16 18:35:00,18:35:00,8
2025.04.16 18:38:00,18:38:00,6
2025.04.16 19:55:00,19:55:00,8
2025.04.16 19:56:00,19:56:00,11
2025.04.16 19:57:00,19:57:00,16
2025.04.16 20:09:00,20:09:00,14
2025.04.16 20:46:00,20:46:00,11
2025.04.16 20:47:00,20:47:00,40
2025.04.16 20:48:00,20:48:00,88
2025.04.16 20:49:00,20:49:00,102
2025.04.16 20:50:00,20:50:00,19
2025.04.16 20:51:00,20:51:00,49
2025.04.16 23:07:00,23:07:00,31
2025.04.16 23:08:00,23:08:00,24
2025.04.17 02:09:00,02:09:00,8
2025.04.17 02:10:00,02:10:00,9
2025.04.17 13:15:00,13:15:00,26
2025.04.17 13:16:00,13:16:00,21
2025.04.17 13:17:00,13:17:00,79
2025.04.17 13:18:00,13:18:00,40
2025.04.17 13:19:00,13:19:00,12
2025.04.17 13:20:00,13:20:00,12
2025.04.17 13:21:00,13:21:00,8
2025.04.17 13:22:00,13:22:00,29
2025.04.17 13:23:00,13:23:00,22
2025.04.17 13:24:00,13:24:00,11
2025.04.17 13:26:00,13:26:00,27
2025.04.17 13:30:00,13:30:00,33
2025.04.17 14:18:00,14:18:00,12
2025.04.17 14:32:00,14:32:00,26
2025.04.17 14:33:00,14:33:00,1
2025.04.17 14:34:00,14:34:00,22
2025.04.17 14:35:00,14:35:00,26
2025.04.17 14:36:00,14:36:00,103
2025.04.17 14:37:00,14:37:00,26
2025.04.17 14:38:00,14:38:00,26
2025.04.17 14:39:00,14:39:00,25
2025.04.17 14:41:00,14:41:00,12
2025.04.17 14:44:00,14:44:00,19
2025.04.17 14:45:00,14:45:00,19
2025.04.17 14:46:00,14:46:00,19
2025.04.17 14:47:00,14:47:00,19
2025.04.17 14:48:00,14:48:00,44
2025.04.17 14:49:00,14:49:00,27
2025.04.17 14:50:00,14:50:00,42
2025.04.17 14:51:00,14:51:00,37
2025.04.17 14:52:00,14:52:00,59
2025.04.17 14:54:00,14:54:00,13
2025.04.17 15:22:00,15:22:00,7
2025.04.17 15:23:00,15:23:00,6
2025.04.17 15:24:00,15:24:00,6
2025.04.17 15:25:00,15:25:00,6
2025.04.17 15:26:00,15:26:00,6
2025.04.17 15:29:00,15:29:00,43
2025.04.17 15:39:00,15:39:00,20
2025.04.17 15:40:00,15:40:00,33
2025.04.17 15:41:00,15:41:00,20
2025.04.17 15:42:00,15:42:00,20
2025.04.17 15:43:00,15:43:00,20
2025.04.17 15:44:00,15:44:00,36
2025.04.17 15:45:00,15:45:00,14
2025.04.17 15:46:00,15:46:00,19
2025.04.17 15:47:00,15:47:00,19
2025.04.17 15:48:00,15:48:00,19
2025.04.17 15:49:00,15:49:00,101
2025.04.17 15:50:00,15:50:00,113
2025.04.17 15:51:00,15:51:00,111
2025.04.17 15:52:00,15:52:00,41
2025.04.17 15:53:00,15:53:00,70
2025.04.17 15:54:00,15:54:00,70
2025.04.17 15:55:00,15:55:00,46
2025.04.17 15:56:00,15:56:00,104
2025.04.17 15:57:00,15:57:00,17
2025.04.17 16:37:00,16:37:00,24
2025.04.17 16:38:00,16:38:00,21
2025.04.17 16:50:00,16:50:00,13
2025.04.17 16:52:00,16:52:00,18
2025.04.17 16:53:00,16:53:00,28
2025.04.17 16:54:00,16:54:00,17
2025.04.17 16:55:00,16:55:00,17
2025.04.17 16:57:00,16:57:00,20
2025.04.17 16:58:00,16:58:00,49
2025.04.17 18:04:00,18:04:00,17
2025.04.17 18:46:00,18:46:00,24
2025.04.17 18:47:00,18:47:00,17
2025.04.17 18:48:00,18:48:00,20
2025.04.17 20:04:00,20:04:00,9
2025.04.17 20:05:00,20:05:00,2
2025.04.17 20:06:00,20:06:00,34
2025.04.17 20:16:00,20:16:00,9
2025.04.17 20:46:00,20:46:00,25
2025.04.17 20:47:00,20:47:00,3
2025.04.17 21:09:00,21:09:00,77
2025.04.17 21:10:00,21:10:00,33
2025.04.17 21:51:00,21:51:00,27
2025.04.17 21:52:00,21:52:00,65
2025.04.17 21:58:00,21:58:00,14
2025.04.17 22:08:00,22:08:00,42
2025.04.17 22:09:00,22:09:00,20
2025.04.17 22:10:00,22:10:00,32
2025.04.18 00:15:00,00:15:00,37
2025.04.18 00:16:00,00:16:00,24
2025.04.18 00:28:00,00:28:00,21
2025.04.18 00:41:00,00:41:00,50
2025.04.18 00:42:00,00:42:00,11
2025.04.18 00:43:00,00:43:00,15
2025.04.18 00:44:00,00:44:00,10
2025.04.18 00:45:00,00:45:00,2
2025.04.18 00:47:00,00:47:00,25
2025.04.18 00:48:00,00:48:00,6
2025.04.18 00:50:00,00:50:00,8
2025.04.18 11:21:00,11:21:00,28
2025.04.18 11:50:00,11:50:00,23
2025.04.18 12:04:00,12:04:00,24
2025.04.18 12:05:00,12:05:00,24
2025.04.18 12:06:00,12:06:00,24
2025.04.18 12:07:00,12:07:00,24
2025.04.18 12:08:00,12:08:00,24
2025.04.18 12:09:00,12:09:00,24
2025.04.18 12:10:00,12:10:00,24
2025.04.18 12:11:00,12:11:00,24
2025.04.18 12:12:00,12:12:00,20
2025.04.18 12:14:00,12:14:00,57
2025.04.18 12:15:00,12:15:00,45
2025.04.18 12:16:00,12:16:00,9
2025.04.18 12:30:00,12:30:00,7
2025.04.18 12:32:00,12:32:00,28
2025.04.18 12:33:00,12:33:00,29
2025.04.18 12:34:00,12:34:00,4
2025.04.18 12:35:00,12:35:00,37
2025.04.18 12:36:00,12:36:00,33
2025.04.18 12:37:00,12:37:00,22
2025.04.18 12:42:00,12:42:00,11
2025.04.18 12:43:00,12:43:00,8
2025.04.18 12:44:00,12:44:00,25
2025.04.18 13:21:00,13:21:00,16
2025.04.18 13:35:00,13:35:00,13
2025.04.18 13:36:00,13:36:00,10
2025.04.18 13:37:00,13:37:00,6
2025.04.18 13:38:00,13:38:00,11
2025.04.18 13:58:00,13:58:00,9
2025.04.18 14:24:00,14:24:00,10
2025.04.18 14:25:00,14:25:00,3
2025.04.18 14:26:00,14:26:00,12
2025.04.18 14:27:00,14:27:00,4
2025.04.18 14:28:00,14:28:00,35
2025.04.18 14:29:00,14:29:00,10
2025.04.18 14:30:00,14:30:00,9
2025.04.18 14:31:00,14:31:00,9
2025.04.18 14:32:00,14:32:00,9
2025.04.18 14:34:00,14:34:00,17
2025.04.18 14:35:00,14:35:00,19
2025.04.18 14:48:00,14:48:00,6
2025.04.18 14:49:00,14:49:00,6
2025.04.18 14:50:00,14:50:00,6
2025.04.18 14:51:00,14:51:00,5
2025.04.18 16:18:00,16:18:00,8
2025.04.18 16:19:00,16:19:00,8
2025.04.18 16:20:00,16:20:00,15
2025.04.18 16:21:00,16:21:00,8
2025.04.18 16:33:00,16:33:00,43
2025.04.18 16:34:00,16:34:00,28
2025.04.18 16:35:00,16:35:00,43
2025.04.18 16:36:00,16:36:00,43
2025.04.18 16:37:00,16:37:00,42
2025.04.18 16:38:00,16:38:00,26
2025.04.18 16:39:00,16:39:00,85
2025.04.18 16:40:00,16:40:00,74
2025.04.18 16:41:00,16:41:00,27
2025.04.18 16:42:00,16:42:00,34
2025.04.18 16:43:00,16:43:00,93
2025.04.18 16:44:00,16:44:00,99
2025.04.18 16:45:00,16:45:00,97
2025.04.18 16:46:00,16:46:00,89
2025.04.18 16:47:00,16:47:00,93
2025.04.18 16:48:00,16:48:00,102
2025.04.18 16:49:00,16:49:00,100
2025.04.18 16:50:00,16:50:00,37
2025.04.18 16:51:00,16:51:00,14
2025.04.18 16:53:00,16:53:00,4
2025.04.18 16:59:00,16:59:00,85
2025.04.18 17:00:00,17:00:00,17
2025.04.18 17:01:00,17:01:00,85
2025.04.18 17:02:00,17:02:00,78
2025.04.18 17:03:00,17:03:00,90
2025.04.18 17:04:00,17:04:00,82
2025.04.18 17:05:00,17:05:00,78
2025.04.18 17:06:00,17:06:00,87
2025.04.18 17:07:00,17:07:00,90
2025.04.18 17:08:00,17:08:00,87
2025.04.18 17:09:00,17:09:00,91
2025.04.18 17:10:00,17:10:00,59
2025.04.18 17:11:00,17:11:00,78
2025.04.18 17:12:00,17:12:00,76
2025.04.18 18:15:00,18:15:00,17
2025.04.18 18:45:00,18:45:00,13
2025.04.18 18:46:00,18:46:00,49
2025.04.18 18:47:00,18:47:00,10
2025.04.18 18:52:00,18:52:00,22
2025.04.18 18:53:00,18:53:00,48
2025.04.18 18:54:00,18:54:00,15
2025.04.18 18:55:00,18:55:00,18
2025.04.18 18:57:00,18:57:00,8
2025.04.18 18:58:00,18:58:00,10
2025.04.18 19:46:00,19:46:00,22
2025.04.18 19:47:00,19:47:00,7
2025.04.18 19:48:00,19:48:00,22
2025.04.18 19:49:00,19:49:00,21
2025.04.18 19:50:00,19:50:00,36
2025.04.18 19:51:00,19:51:00,39
2025.04.18 19:52:00,19:52:00,25
2025.04.18 20:14:00,20:14:00,4
2025.04.18 20:15:00,20:15:00,4
2025.04.18 20:16:00,20:16:00,4
2025.04.18 20:17:00,20:17:00,4
2025.04.18 20:18:00,20:18:00,4
2025.04.18 20:19:00,20:19:00,4
2025.04.18 20:20:00,20:20:00,4
2025.04.18 20:21:00,20:21:00,4
2025.04.18 20:22:00,20:22:00,3
2025.04.18 20:24:00,20:24:00,52
2025.04.18 20:25:00,20:25:00,53
2025.04.18 20:27:00,20:27:00,16
2025.04.18 20:37:00,20:37:00,16
2025.04.18 20:41:00,20:41:00,19
2025.04.18 20:42:00,20:42:00,26
2025.04.18 20:43:00,20:43:00,25
2025.04.18 20:44:00,20:44:00,49
2025.04.18 20:45:00,20:45:00,19
2025.04.18 20:46:00,20:46:00,4
2025.04.18 20:47:00,20:47:00,4
2025.04.18 20:48:00,20:48:00,18
2025.04.18 20:49:00,20:49:00,10
2025.04.18 20:50:00,20:50:00,3
2025.04.18 20:51:00,20:51:00,29
2025.04.18 20:52:00,20:52:00,34
2025.04.18 20:54:00,20:54:00,11
2025.04.18 21:10:00,21:10:00,11
2025.04.18 21:11:00,21:11:00,38
2025.04.18 21:17:00,21:17:00,19
2025.04.18 21:45:00,21:45:00,29
2025.04.18 21:46:00,21:46:00,13
2025.04.18 21:47:00,21:47:00,73
2025.04.18 21:48:00,21:48:00,13
2025.04.18 21:59:00,21:59:00,7
2025.04.18 22:00:00,22:00:00,23
2025.04.18 22:01:00,22:01:00,6
2025.04.18 22:03:00,22:03:00,11
2025.04.18 22:14:00,22:14:00,39
2025.04.18 22:16:00,22:16:00,32
2025.04.18 22:17:00,22:17:00,38
2025.04.18 22:38:00,22:38:00,67
2025.04.18 22:39:00,22:39:00,17
2025.04.18 22:40:00,22:40:00,4
2025.04.19 00:29:00,00:29:00,10
2025.04.19 00:49:00,00:49:00,4
2025.04.19 11:31:00,11:31:00,26
2025.04.19 11:32:00,11:32:00,40
2025.04.19 12:20:00,12:20:00,20
2025.04.19 12:21:00,12:21:00,22
2025.04.19 12:50:00,12:50:00,12
2025.04.19 12:51:00,12:51:00,29
2025.04.19 12:52:00,12:52:00,35
2025.04.19 12:58:00,12:58:00,19
2025.04.19 13:11:00,13:11:00,10
2025.04.19 13:12:00,13:12:00,17
2025.04.19 13:50:00,13:50:00,16
2025.04.19 13:51:00,13:51:00,16
2025.04.19 13:52:00,13:52:00,11
2025.04.19 13:53:00,13:53:00,32
2025.04.19 13:54:00,13:54:00,16
2025.04.19 13:55:00,13:55:00,16
2025.04.19 13:56:00,13:56:00,16
2025.04.19 13:57:00,13:57:00,16
2025.04.19 13:58:00,13:58:00,16
2025.04.19 13:59:00,13:59:00,8
2025.04.19 14:00:00,14:00:00,31
2025.04.19 14:02:00,14:02:00,22
2025.04.19 14:03:00,14:03:00,22
2025.04.19 14:04:00,14:04:00,22
2025.04.19 14:05:00,14:05:00,22
2025.04.19 14:06:00,14:06:00,22
2025.04.19 14:07:00,14:07:00,21
2025.04.19 14:08:00,14:08:00,49
2025.04.19 14:09:00,14:09:00,1
2025.04.19 14:10:00,14:10:00,46
2025.04.19 14:11:00,14:11:00,55
2025.04.19 14:12:00,14:12:00,10
2025.04.19 14:13:00,14:13:00,42
2025.04.19 14:14:00,14:14:00,2
2025.04.19 14:18:00,14:18:00,61
2025.04.19 14:19:00,14:19:00,61
2025.04.19 14:21:00,14:21:00,40
2025.04.19 14:22:00,14:22:00,75
2025.04.19 15:06:00,15:06:00,39
2025.04.19 15:07:00,15:07:00,25
2025.04.19 15:08:00,15:08:00,64
2025.04.19 15:09:00,15:09:00,39
2025.04.19 15:10:00,15:10:00,39
2025.04.19 15:11:00,15:11:00,19
2025.04.19 15:12:00,15:12:00,51
2025.04.19 15:13:00,15:13:00,39
2025.04.19 15:14:00,15:14:00,71
2025.04.19 15:15:00,15:15:00,53
2025.04.19 15:16:00,15:16:00,87
2025.04.19 15:17:00,15:17:00,114
2025.04.19 15:18:00,15:18:00,106
2025.04.19 15:19:00,15:19:00,94
2025.04.19 15:20:00,15:20:00,95
2025.04.19 15:21:00,15:21:00,89
2025.04.19 15:22:00,15:22:00,95
2025.04.19 15:23:00,15:23:00,99
2025.04.19 15:24:00,15:24:00,100
2025.04.19 15:26:00,15:26:00,85
2025.04.19 15:27:00,15:27:00,70
2025.04.19 15:28:00,15:28:00,87
2025.04.19 15:29:00,15:29:00,67
2025.04.19 15:30:00,15:30:00,93
2025.04.19 15:31:00,15:31:00,13
2025.04.19 15:32:00,15:32:00,63
2025.04.19 15:33:00,15:33:00,89
2025.04.19 15:34:00,15:34:00,76
2025.04.19 15:35:00,15:35:00,22
2025.04.19 15:40:00,15:40:00,10
2025.04.19 16:05:00,16:05:00,96
2025.04.19 16:06:00,16:06:00,52
2025.04.19 16:07:00,16:07:00,82
2025.04.19 16:08:00,16:08:00,83
2025.04.19 16:09:00,16:09:00,78
2025.04.19 16:10:00,16:10:00,67
2025.04.19 16:11:00,16:11:00,62
2025.04.19 16:12:00,16:12:00,93
2025.04.19 16:13:00,16:13:00,95
2025.04.19 16:14:00,16:14:00,92
2025.04.19 16:15:00,16:15:00,93
2025.04.19 16:16:00,16:16:00,71
2025.04.19 16:17:00,16:17:00,17
2025.04.19 16:18:00,16:18:00,96
2025.04.19 16:19:00,16:19:00,89
2025.04.19 16:20:00,16:20:00,88
2025.04.19 16:21:00,16:21:00,91
2025.04.19 16:22:00,16:22:00,81
2025.04.19 16:23:00,16:23:00,50
2025.04.19 16:37:00,16:37:00,87
2025.04.19 16:38:00,16:38:00,87
2025.04.19 16:39:00,16:39:00,102
2025.04.19 16:40:00,16:40:00,93
2025.04.19 16:41:00,16:41:00,78
2025.04.19 16:42:00,16:42:00,21
2025.04.19 16:49:00,16:49:00,35
2025.04.19 16:50:00,16:50:00,50
2025.04.19 16:51:00,16:51:00,16
2025.04.19 17:42:00,17:42:00,59
2025.04.19 17:43:00,17:43:00,3
2025.04.19 17:45:00,17:45:00,13
2025.04.19 17:46:00,17:46:00,47
2025.04.19 17:47:00,17:47:00,11
2025.04.19 17:48:00,17:48:00,10
2025.04.19 17:49:00,17:49:00,10
2025.04.19 17:50:00,17:50:00,8
2025.04.19 17:51:00,17:51:00,4
2025.04.19 17:52:00,17:52:00,10
2025.04.19 17:53:00,17:53:00,32
2025.04.19 17:54:00,17:54:00,25
2025.04.19 18:11:00,18:11:00,15
2025.04.19 18:17:00,18:17:00,3
2025.04.19 18:44:00,18:44:00,24
2025.04.19 18:45:00,18:45:00,24
2025.04.19 20:47:00,20:47:00,5
2025.04.19 20:48:00,20:48:00,5
2025.04.19 20:49:00,20:49:00,25
2025.04.19 20:50:00,20:50:00,5
2025.04.19 20:51:00,20:51:00,1
2025.04.19 20:52:00,20:52:00,33
2025.04.19 20:53:00,20:53:00,13
2025.04.19 20:54:00,20:54:00,5
2025.04.19 20:55:00,20:55:00,5
2025.04.19 20:56:00,20:56:00,5
2025.04.19 21:12:00,21:12:00,6
2025.04.19 21:15:00,21:15:00,15
2025.04.19 21:20:00,21:20:00,8
2025.04.19 21:21:00,21:21:00,9
2025.04.19 21:36:00,21:36:00,30
2025.04.19 22:32:00,22:32:00,52
2025.04.19 22:36:00,22:36:00,13
2025.04.19 23:23:00,23:23:00,20
2025.04.19 23:24:00,23:24:00,39
2025.04.19 23:26:00,23:26:00,24
2025.04.19 23:30:00,23:30:00,18
2025.04.19 23:32:00,23:32:00,2
2025.04.19 23:33:00,23:33:00,9
2025.04.19 23:34:00,23:34:00,19
2025.04.19 23:37:00,23:37:00,9
2025.04.20 00:06:00,00:06:00,4
2025.04.20 01:08:00,01:08:00,5
2025.04.20 10:52:00,10:52:00,8
2025.04.20 12:19:00,12:19:00,8
2025.04.20 13:08:00,13:08:00,34
2025.04.20 14:39:00,14:39:00,17
2025.04.20 14:59:00,14:59:00,20
2025.04.20 18:02:00,18:02:00,5
2025.04.20 18:03:00,18:03:00,28
2025.04.20 18:04:00,18:04:00,4
2025.04.20 18:05:00,18:05:00,35
2025.04.20 18:06:00,18:06:00,5
2025.04.20 18:07:00,18:07:00,5
2025.04.20 18:08:00,18:08:00,5
2025.04.20 18:14:00,18:14:00,31
2025.04.20 18:15:00,18:15:00,18
2025.04.20 18:16:00,18:16:00,27
2025.04.20 18:17:00,18:17:00,8
2025.04.20 18:18:00,18:18:00,27
2025.04.20 18:19:00,18:19:00,7
2025.04.20 18:23:00,18:23:00,8
2025.04.20 18:25:00,18:25:00,1
2025.04.20 18:26:00,18:26:00,7
2025.04.20 18:27:00,18:27:00,16
2025.04.20 18:28:00,18:28:00,6
2025.04.20 18:36:00,18:36:00,13
2025.04.20 18:39:00,18:39:00,3
2025.04.20 18:42:00,18:42:00,43
2025.04.20 18:43:00,18:43:00,42
2025.04.20 18:44:00,18:44:00,20
2025.04.20 18:45:00,18:45:00,61
2025.04.20 18:46:00,18:46:00,4
2025.04.20 19:10:00,19:10:00,32
2025.04.20 19:11:00,19:11:00,47
2025.04.20 19:12:00,19:12:00,98
2025.04.20 19:13:00,19:13:00,17
2025.04.20 19:14:00,19:14:00,15
2025.04.20 19:15:00,19:15:00,75
2025.04.20 19:16:00,19:16:00,40
2025.04.20 19:17:00,19:17:00,66
2025.04.20 19:18:00,19:18:00,43
2025.04.20 19:19:00,19:19:00,41
2025.04.20 19:20:00,19:20:00,29
2025.04.20 19:21:00,19:21:00,33
2025.04.20 19:22:00,19:22:00,12
2025.04.20 19:23:00,19:23:00,30
2025.04.20 19:54:00,19:54:00,9
2025.04.20 20:04:00,20:04:00,45
2025.04.20 20:22:00,20:22:00,30
2025.04.20 21:11:00,21:11:00,21
2025.04.20 21:14:00,21:14:00,9
2025.04.20 23:58:00,23:58:00,11
